cpu-0,cpu-1,cpu-2,cpu-3,cpu-4,cpu-5,cpu-6,cpu-7,gpu-0,mem
"[0, 1, 2, 3, 4, 5, 6, 7, 8, 9, 10, 11, 12, 13, 14, 15, 16, 17, 18, 19]","[0, 1, 2, 3, 4, 5, 6, 7, 8, 9, 10, 11, 12, 13, 14, 15, 16, 17, 18, 19]","[0, 1, 2, 3, 4, 5, 6, 7, 8, 9, 10, 11, 12, 13, 14, 15, 16, 17, 18, 19]","[0, 1, 2, 3, 4, 5, 6, 7, 8, 9, 10, 11, 12, 13, 14, 15, 16, 17, 18, 19]","[0, 1, 2, 3, 4, 5, 6, 7, 8, 9, 10, 11, 12, 13, 14, 15, 16, 17, 18, 19]","[0, 1, 2, 3, 4, 5, 6, 7, 8, 9, 10, 11, 12, 13, 14, 15, 16, 17, 18, 19]","[0, 1, 2, 3, 4, 5, 6, 7, 8, 9, 10, 11, 12, 13, 14, 15, 16, 17, 18, 19]","[0, 1, 2, 3, 4, 5, 6, 7, 8, 9, 10, 11, 12, 13, 14, 15, 16, 17, 18, 19]","[0, 1, 2, 3, 4, 5, 6, 7, 8, 9, 10, 11, 12, 13, 14, 15, 16, 17, 18, 19]","[0, 1, 2, 3, 4, 5, 6, 7, 8, 9, 10, 11, 12, 13, 14, 15, 16, 17, 18, 19]"
"[12.5, 4.6, 4.2, 9.2, 14.3, 4.2, 3.1, 10.1, 11.4, 16.3, 16.2, 9.5, 9.6, 13.0, 7.2, 8.6, 16.0, 7.1, 16.8, 14.7]","[0.0, 5.4, 4.0, 5.7, 11.5, 7.9, 7.3, 14.1, 14.3, 24.3, 12.3, 12.9, 11.8, 13.2, 7.7, 8.0, 14.2, 7.7, 15.0, 10.2]","[0.0, 5.4, 6.3, 8.2, 11.8, 5.2, 4.6, 10.3, 9.7, 15.4, 17.9, 11.8, 9.4, 10.6, 12.0, 9.1, 11.1, 5.2, 12.7, 9.1]","[11.8, 5.4, 5.6, 6.6, 10.4, 7.1, 4.7, 12.1, 15.0, 17.2, 13.0, 11.5, 13.8, 13.9, 7.7, 8.3, 14.5, 5.7, 13.9, 12.0]","[0.0, 3.8, 2.9, 3.6, 6.8, 2.9, 2.5, 8.0, 6.7, 12.3, 10.8, 6.5, 7.3, 7.2, 5.1, 5.2, 6.8, 4.2, 11.9, 6.5]","[64.7, 1.9, 2.3, 2.7, 6.0, 2.5, 2.1, 7.6, 5.3, 12.7, 7.3, 5.7, 6.5, 6.9, 4.2, 4.0, 7.4, 3.2, 10.1, 6.9]","[26.7, 5.4, 1.9, 1.9, 8.4, 2.1, 2.3, 18.7, 16.0, 20.3, 19.4, 5.5, 11.4, 16.0, 7.4, 4.1, 20.8, 3.1, 11.5, 8.8]","[0.0, 2.1, 3.6, 3.6, 8.5, 2.7, 2.3, 5.0, 5.7, 11.0, 8.2, 7.4, 6.1, 8.5, 4.3, 6.5, 7.9, 3.4, 7.1, 8.7]","[1178.0, 1174.625, 1174.625, 1174.625, 1177.375, 1174.125, 1174.125, 1174.125, 1174.125, 1170.5, 1170.125, 1170.125, 1170.125, 1170.3125, 1170.3125, 1170.0625, 1170.0625, 1170.0, 1181.6875, 1178.5625]","[12608.59765625, 12602.5703125, 12602.21484375, 12595.125, 12598.359375, 12578.296875, 12589.45703125, 12579.5234375, 12578.81640625, 12632.78515625, 12618.7890625, 12611.55078125, 12626.75390625, 12618.7421875, 12612.0703125, 12628.28125, 12616.53515625, 12618.0234375, 12636.48828125, 12620.28515625]"
