cpu-0,cpu-1,cpu-2,cpu-3,cpu-4,cpu-5,cpu-6,cpu-7,gpu-0,mem
"[0, 2, 4, 6, 8, 11, 13, 15, 17, 19]","[0, 2, 4, 6, 8, 11, 13, 15, 17, 19]","[0, 2, 4, 6, 8, 11, 13, 15, 17, 19]","[0, 2, 4, 6, 8, 11, 13, 15, 17, 19]","[0, 2, 4, 6, 8, 11, 13, 15, 17, 19]","[0, 2, 4, 6, 8, 11, 13, 15, 17, 19]","[0, 2, 4, 6, 8, 11, 13, 15, 17, 19]","[0, 2, 4, 6, 8, 11, 13, 15, 17, 19]","[0, 2, 4, 6, 8, 11, 13, 15, 17, 19]","[0, 2, 4, 6, 8, 11, 13, 15, 17, 19]"
"[15.2, 13.9, 31.7, 14.0, 25.5, 12.9, 6.0, 9.7, 7.1, 7.1]","[10.9, 9.1, 26.0, 14.3, 8.1, 16.2, 3.0, 5.1, 7.9, 5.1]","[8.3, 14.9, 22.2, 8.2, 23.3, 69.0, 5.1, 9.9, 6.1, 6.1]","[6.2, 6.3, 19.6, 12.1, 45.6, 16.8, 97.0, 5.1, 6.1, 10.8]","[4.0, 5.0, 13.9, 7.0, 45.0, 45.0, 3.0, 1.0, 2.0, 4.0]","[4.1, 3.0, 15.8, 4.9, 86.1, 40.6, 2.0, 4.0, 5.8, 5.0]","[5.4, 4.2, 11.2, 2.0, 13.0, 17.2, 1.0, 4.9, 11.1, 12.0]","[4.0, 2.0, 19.0, 6.0, 8.7, 21.0, 1.0, 1.0, 3.0, 2.0]","[2720.4375, 2720.4375, 2720.4375, 2720.4375, 2720.9375, 2718.375, 2718.375, 2718.375, 2717.625, 2716.875]","[12364.0859375, 12370.03125, 12385.65625, 12345.01171875, 12431.0234375, 12486.1015625, 12370.5859375, 12370.50390625, 12367.60546875, 12352.25390625]"
